user,block_number,log_index,our_hf,onchain_hf,onchain_confirms_mismatch,used_eth_numeraire,our_collateral_eth,our_debt_eth,onchain_collateral_eth,onchain_debt_eth,onchain_liquidation_threshold
0x8c09b0ed5bd98f8b9f0c263489613dabc0c3d831,24367545,24,1.0028770967739284,1.0000003276634613,True,True,0.13039270331032182,0.1137662987406069,0.13022291572306177,0.11393199163475602,0.8749
0xf105ffad6f9066b07193fc0e5afea275eff60d1a,14058315,123,1.0005422734832314,0.9958321213202964,False,True,1.8763851692691305,1.312757744773494,1.8763851692601938,1.3189669125562133,0.7
0x6d84264a7bd2cffa4a117ba2350403b3a9866949,11778109,163,1.0445749322620688,0.9753286550456505,False,True,11.97757872684394,9.520181225814863,11.183072963324836,9.520181154745229,0.8303
0x9e6e443d582585f55f6fca49edc5a6a94f47e8e8,20460471,169,1.0007138704899239,1.0018775096067818,True,True,10.993684439697885,9.092069780998221,10.995000673625185,9.082410245004475,0.8276
0x67f3d16a91991cf169920f1e79f78e66708da328,20458822,136,1.0025764899639351,0.9967101903509992,False,True,3.3742393517835687,2.8499423639748755,3.3744043806115998,2.8665385552621756,0.8467
0xffeef43ac3862d96cd0cb3370e99b4f48ea75346,20370853,259,1.0042152680898753,0.999874895851464,False,True,0.16722448064932394,0.14570722554983398,0.1667370819319607,0.14591320103724154,0.875
0xeaf6d79f27a6fbfee9ab5799da0787758de0b9d5,14791456,236,1.2077337626214488,0.9248911164795202,False,True,0.8162287076478295,0.47308447692421374,0.6250737572002156,0.47308447691187194,0.7
0xd9a3ea0acdb41a12e871482a8eef99a017e38bf4,13737159,316,1.017794619718238,0.9671032381668739,False,True,1.4035687831721873,0.9653206346212774,1.333663870378464,0.9653206321948411,0.7
0xb23a0c2b2fc1b3d0f29f1b443d8dc1513017939b,22220423,593,1.0082908277431366,0.9995957990156213,False,True,0.019994922985958525,0.017054240001779467,0.019994922980244044,0.017202587065635665,0.86
0xc6af628071cfb5d378df6f6f3b5e1abfe5bff2d7,12594697,56,1.0317731647146746,0.9968171807646046,False,True,1.5193213894433344,1.104400736305879,1.5193214072398866,1.1431294297675259,0.75
0x8f6d072ca42432692de973b788e89794d7db1037,22959060,22,1.0037686498254756,0.9979603555559748,False,True,0.02088336010122536,0.018204334327187138,0.020762518647527616,0.01820433418566563,0.875
0xb24a137e927458139da4941f07782851820c11e5,21970310,375,1.2338982938768193,0.9992179891562634,False,True,7.653093786869636,4.714783212416985,7.6820099545091,5.8467407850986355,0.7605
0x29c75014f0f5fb13c86704d6f02fa34ae5dc6272,11907373,115,1.1655438411593093,0.9910314182485794,False,True,77.7961311109043,50.35825847679097,77.2504698098618,58.93766751256096,0.7561
0x2c4ef3a24b1f38d848283c65b05b00987ee43fd8,11906748,234,1.0713491082020803,1.0018421162095683,True,True,632.9005788716418,446.31566422257555,632.900578516191,477.27718702630403,0.7555
0x0b0efad4ae088a88ffdc50bce5fb63c6936b9220,12708358,268,1.0000035084789474,1.0021527496564617,True,True,8.612878092695103,7.105598832097968,8.612877986065401,7.089501129584153,0.8249
0x012e168acb9fdc90a4ed9fd6ca2834d9bf5b579e,20237866,125,1.007688366635277,1.0108077071537835,True,True,136.89964917447597,116.8354247068046,136.89964895823678,116.4613282091625,0.8599
0x1800261cabaf70111e80a01d3b01544587c78c8b,20456607,197,1.0002686006373083,0.9936904549048334,False,True,0.8800672559283226,0.74175916076619,0.8779226553485746,0.7450531215240034,0.8433
0xdb8200bfd9c8fda2bbbdd01fd69d7e326aa9ae35,22211778,109,1.0929344135027081,0.9912900191029125,False,True,0.99955039551044,0.8527968384034574,1.0195395805596672,0.853653154533247,0.83
0x64de6b2b681c6858f07008045bcac287dcd9b6f0,23198044,200,1.0051235067322783,0.9997279601823102,False,True,0.1304764543303471,0.10868025041449092,0.12979415159051924,0.10868024965172539,0.8371
0x82411c684fed24666372e6381ea17777feccda08,11828821,24,1.0220856067615391,0.9906589211031901,False,True,152.21529734927515,122.84171289148259,152.2148283155826,126.73059084239063,0.8248
0xd18cecacf3174f186056d4dbd31062f02841c1a1,22228033,292,1.0435798258722653,0.995449961579407,False,True,4.468462602128591,3.836654935670174,4.468462600844595,3.8604430007000463,0.86
0x98d7eb8e32a60fb578a02fa2e07e7200bf9cf24b,19769938,108,1.0337225162122492,0.9996756828892122,False,True,0.2953171380700806,0.2560655117577193,0.3092527654283036,0.2567630679618504,0.83
0x22d5fd0c56a6b3de938df5389d5143d8064d088b,24394923,28,1.079005627879778,0.9467888749928376,False,True,0.02900545307672589,0.019623605474251602,0.029005453076725782,0.02236399402788716,0.73
0xa1f72409adf7f38e61f0c23e85f76a5325dbdda1,22216843,427,1.0035654911671954,0.998886288719455,False,True,0.08886458263074087,0.07615202170169567,0.0888645826053241,0.07650874969817797,0.86
0xa8094c7097451c72371224cfd21528ac5ce6d46a,21970304,421,1.0044916765434098,0.9877582659141324,False,True,7.516256320321732,6.435076154856864,7.516256318439545,6.544091461361594,0.86
0xcfceb153f372a25434299e5e9fcb2f6317c7d332,20239330,108,1.0001178273006224,0.994671601068808,False,True,1.1014376481817922,0.9471247802801284,1.1014376463414381,0.9523106669938093,0.86
0x8d4bf143f5a5a7bcd3a7993f31990a913847e943,22018387,606,1.0505818005653074,1.0079602354917352,True,True,7.501778888736794,6.306861882340653,7.711928501250571,6.350350371624812,0.83
0xc05db9407b4c7fe50a658202c6e4eef1e287423c,22934950,386,1.0829942853425174,0.9762264757396804,False,True,0.115626396208931,0.09341978813010701,0.11659338085876957,0.10450362778178506,0.875
0x9a9390cf9571f546a136e773a4eda3a46ee769db,20460556,300,1.0078265697933484,1.000264009858998,True,True,91.34327768949413,76.34439167068352,91.34924289843087,76.92315882103429,0.8423
0xec0ace67eee491c57fc81cf35e8d4c66062d1514,11631232,41,1.1665290989020822,0.980309078101271,False,True,302.5007732466177,213.93648745097255,302.5007724133651,254.5759728395018,0.825
0x1d4c380837340befaf8843cebdbe97dd3e4b6b5e,14958589,93,1.012443822439909,1.0050479526473013,True,True,10.207811655113485,7.561761523602468,10.207811674847944,7.617406449085727,0.75
0xa9d866d7583c214a59c06e698036d12e86ea6882,21970311,807,1.0030254704731738,0.9976830534282223,False,True,0.45719123742222517,0.3919984843432044,0.4571912373076638,0.3940975670916097,0.86
0xa8556b50ab7781eeccf647eec1c0bf3bf9e5b3ad,21615295,391,1.0004610147735031,0.9982804388727535,False,True,0.2799213116513545,0.24379922727482445,0.2804066286755928,0.24473913947560202,0.8713
0x5a5fe81a376495c7ab16a762611afacb14280218,20460556,375,1.0119272521861622,1.0030306516525807,True,True,8.24842676899776,7.0100365476006266,8.24842675769555,7.072213595796668,0.86
0x026fd30023d9199450883b3c7f82b7c9ebbeb2f7,14953550,131,1.0271463394974258,1.010210861419113,True,True,18.962006918731046,15.266369099178737,18.35828217413872,15.103350100090323,0.8311
0x29e18bcc4b91c3a28a78e3bcb91568395ff02ef0,20236488,38,1.0061457676013743,1.003973520285202,True,True,27.41337262748675,23.38885210698821,27.413275591674815,23.438422719763537,0.8584
0x7f54dbf4c0bd05e50d86b03985cf8d798b9844ea,21582909,231,1.000939101569256,0.9999230130442612,False,True,0.28357331013889975,0.2474291370467318,0.28297972717765435,0.24714522270256678,0.8733
0x69d8549da3a52c7e55fc944785e85ddc982fcfff,13736938,24,1.0007234443342286,1.0032336798346255,True,True,199.71316328653717,150.14562710794962,200.227496488699,150.14562273594973,0.7523
0x3398e16273caf020e78c9700b6c642f778b4dceb,12704522,76,1.0390367880316864,0.9843249465306809,False,True,0.7596536710373722,0.4752236801063427,0.7590467589347547,0.5012373150213684,0.65
0x47ab2ba28c381011fa1f25417c4c2b2c0d5b4781,21919690,39,1.1097831364040445,1.0016984327447518,True,True,116.20678345184679,90.05167810749951,116.20678342552763,99.76838385592188,0.86
0x8c087d7f52b929fd4bc9f745c3034f1c462d1879,12856939,25,1.0056162845704566,1.0079833988425613,True,True,4.4915838850315115,3.349874067734046,4.537354508334704,3.376063420447812,0.75
0x278951f72d6435334b0fe0f86d637f716f414eb3,21762808,562,1.010241959815055,1.0065118967016058,True,True,22.805836333469923,19.41417999542871,22.805836323116306,19.486127587913224,0.86
0x11dbf181dd5c075c2abd92cb9579c4809406b5be,21619876,456,1.2212628662523692,0.9869588540992985,False,True,0.0577223087667484,0.04064742072420097,0.05772230873666336,0.05029711756204182,0.86
0x92f8a0d9956ec2abe5692c781554a0c18dae6af1,23216267,232,1.00415910529643,1.0015021193102032,True,True,0.006867089752542044,0.005881236505287459,0.006867089751260939,0.005896839429707876,0.86
0x012e168acb9fdc90a4ed9fd6ca2834d9bf5b579e,20459302,208,1.0091012075973393,1.0049198259708783,True,True,22.136296303140085,18.86551584190492,22.136296269628122,18.941810749790942,0.8599
0x9c5ab2152d8afc2faba6dc3458c4abf5bd8d2797,11913622,21,1.1151808553826992,0.9715918575373105,False,True,27.967434720655056,19.942154809419073,27.967434686140354,22.887086945452577,0.7951
0x711a71e1873988f8da861e57b01a7838b8068b93,22020090,280,1.0265022136415891,0.9971928702326044,False,True,3.6126104355340107,2.886172458386028,3.860876246701694,3.1748306840149283,0.82
0x99e284ab353e12bf709e6f03f90543e574364101,22215332,489,1.002147061097895,1.0011501552340385,True,True,21.11713938475767,18.12183119211638,21.11713937883699,18.13987619225248,0.86
0x18e87bc255040810bede0941a65768ecb2bd5d0e,14741980,141,1.0122814370078639,1.0026048084001749,True,True,4.807273146045612,3.7304015866196116,4.807273155933223,3.76630256742033,0.7855
0xb60bda0bab52839a3334bd849d2afb2aa566e631,21914766,13,1.0013393990921242,1.0000669478522177,True,True,25.317959291195475,22.12358207405152,25.138459817101253,21.994679843387868,0.875
0xb4010a1338d6e7c5921151f659836ad340af87df,12480863,76,1.022023105088258,1.0019469115310367,True,True,4.234573673565773,3.0738581500172355,4.278294156373115,3.167898815879421,0.7419
0xd97a4e0e0e6c072556653e0052e4b029d6e2c470,22227136,110,1.004056894405656,0.9993891228019242,False,True,0.16267730982859124,0.13933721010441613,0.1626773097820539,0.13998800189092572,0.86
0xe203e53bdcb7545df5742185f48951b8ee6c5368,20479682,130,1.002229570785658,0.9948761549155883,False,True,0.21655173758743368,0.18582019504693104,0.21655173726823918,0.18719364528993762,0.86
0xf9abbd86f9c7c4e822548495caf6971079b13435,24275576,24,1.0076875521006934,1.0001304881327324,True,True,2.4566640740899466,2.133182116170376,2.445940107419194,2.1399183600407934,0.875
0xa05cf0419d10b5a096663cfd2dae2c9e052b1c54,23749001,134,1.1233132063696802,0.8699985689418512,False,True,0.2098484159703989,0.1606583424028141,0.20984841587000078,0.20743670632435587,0.86
0x011ca3d50073fed3434a6b85dcb98619b69dc06e,21762843,439,1.0282521560210673,0.9994810297309806,False,True,40.87224541526866,34.18434948208451,40.87224539636884,35.16838238574491,0.86
0xe192d28db7261b1a622559fae8d9b3bcb6d8cb4c,22428779,114,1.6184490344137916,0.7380687166912715,False,True,0.0066812008592599375,0.0031786757273413423,0.006701125551203172,0.006991038310847111,0.77
0x96b9d426a8e1ae3e2715c9b28560f545d54fd3e2,18979086,17,1.0634525011449456,1.0069651970680913,True,True,7.037358211190438,6.141367418029548,7.109027683411386,6.141367347953527,0.8699
0x932ee5cfd5edf73aaff719f7f215a026870ee52f,12449655,211,1.0015455410932537,1.0025876170632362,True,True,26.481063890917724,19.830149607085175,26.481063890907155,19.809538418553682,0.75
0x87245c288fcc858bf7225dc3ab97d0ad94730757,11914547,48,1.1306284806457307,0.9936687520783428,False,True,49.658505210500536,30.435188089080064,49.65850524752466,34.62761429706004,0.6929
0x1f52d1682f618cec87ea87efc77d0b8c25a87ea1,24524326,46,1.0051801420726465,0.9965434806083708,False,True,0.006749563648025341,0.005774710914337065,0.006749563768803163,0.005824758230947542,0.86
0xab0ac9dfe6913210b30f8b7b40c0f78c74e5d166,20450876,119,1.0034886737454167,0.9865172670579848,False,True,0.4086720499437754,0.35023610345283407,0.4086720493746319,0.35626133895284945,0.86
0x414fd030a4156ec85e003821db49491efca0a439,20465826,228,1.0077460037102939,0.9993277213095594,False,True,0.049744951739615115,0.04245182649056433,0.04974495166475305,0.04280943830480967,0.86
0xfe52cd1a9caa8ccfec23c90d8f10024c88ad340d,12483452,238,1.0017626555096832,1.0099039239324217,True,True,1.758783754544789,1.1411979016850688,1.7587837545428557,1.1319982162277,0.65
0x7ea46eca49d9f65072e713a502408595e61d0646,20456715,88,1.0021228011005725,1.0034761536895411,True,True,24.608693950493254,20.199266459806946,24.613190028531815,20.17422010880259,0.8225
0x0ae8a421e5cf4775310d6339a4be20552bff7080,13630531,90,1.0031175615156678,1.0073852416013471,True,True,7.649748372740586,6.482077840412664,7.649748372509808,6.454617209099921,0.85
0x027c0c58707cae5470b539cba6f8b9541e28ded3,22018663,93,1.1996004648286798,0.9996813078645177,False,True,0.9669799547991107,0.6803477797894883,0.966979954548019,0.8163912591122835,0.844
0x3f3f1501df473080ef8e8c28272d22daab1551a4,24362901,163,1.0024388006212868,0.9981632233547553,False,True,0.039494323396547494,0.025600034177596844,0.03948071931823677,0.02570969051595007,0.65
0xb2d785a644fce1102403dabf4492b5af37909f26,21762897,104,1.5285637140214587,1.001700744842892,True,True,951.0426583215365,535.0752988926697,951.0426578763831,816.5080139797335,0.86
0x151807fd4d2f42c7c6fca1fe275a669f501fff6a,14966481,555,1.0029380306334417,1.0109832228013185,True,True,12.019238331412843,10.186424554315098,12.019238547767937,10.105363308892908,0.85
0xbd552036e87ee5ebfd853a5632a8010b3a84f6d9,21769745,223,1.0783062375079613,0.9994199345955712,False,True,0.3157360226913443,0.25175371650910794,0.3157360225388483,0.2715958019053213,0.8597
0x5cbbad822b0925fb76fbd04bbf2fc144bf3ba125,21762785,196,1.001555873143726,0.9968242276594104,False,True,1.4963952952337363,1.2849008112364586,1.49639529456047,1.2909998750167873,0.86
0x26d28b1315dd4c6ea47c7550ecc57d6eceae69ba,20160694,198,1.0047403859668704,0.9995811922808094,False,True,1.3622356357798082,1.1659953786402928,1.3622356342028208,1.1720134937125883,0.86
0xbba14ac38d2a1c533b904e8d85665bbcc3c3f830,20459324,150,1.016083461279433,1.0113032317515358,True,True,100.58553375797024,85.13430473804856,100.58553360566714,85.53671755903828,0.86
0x16ecca3e37c193d43c84d93b9f371cbf7259bf5f,24394082,49,1.0027688508737216,1.0014627987766236,True,True,103.28949987032777,89.52566976763441,103.49193405267134,89.81346086449975,0.8691
0x828a2d3f75e7a97e75807d2ecb1b581fc1698e14,12464321,59,1.000101666541984,1.0049327868786577,True,True,503.50907577633006,415.3527600061941,503.5090756856381,413.3058866784036,0.8249
0x3700eeb393a471aaf52bde826fa5b16e888b51e8,23440063,74,1.0118912293427933,1.007806104728737,True,True,0.028454232389723434,0.02418307338334717,0.028454232384533255,0.02428109904859642,0.86
0x6951a62b960ae81f8c56c3eb613b057bb5940ba3,24362617,153,2.314256748168493,0.9982887504503689,False,True,0.010427126906183314,0.00369459614618689,0.013874256951025784,0.011396392771839372,0.82
0x5e932e419a8ed1bd8d1b09aef786d7bb2b9f9a09,15435942,48,2.1131082704595197,0.9031686146388946,False,True,1.0487376008568843,0.43674481883191213,1.048737600494685,1.0218347642696959,0.88
0x3e17373ab0bde8a406819fefc905c0df7abc7508,22215320,513,1.004039389797974,0.9947047434663595,False,True,17.530232469839447,15.015347084236822,17.530232464945374,15.156256184439206,0.86
0x3975d7f71b9e71e87cbffd308ce7c349d0369abc,20458822,120,1.0075543293487803,0.9998717728351059,False,True,0.9753975444662122,0.7986576150387481,0.975200738040642,0.8003523525492346,0.8206
0xae5bbc043b0472e49687820b2a1197ae63490150,14966669,54,1.005391545718548,0.994425515984619,False,True,9.82264652125092,7.86886235196305,9.700008983762741,7.868862093158955,0.8067
0x06cf19e0c17fc400b20f59c3c405ab0e5f73e7ff,22020167,604,1.1117041680404476,1.0035940095367404,True,True,43.01299341186549,33.27429670377781,43.01299340006972,36.85870379112278,0.86
0x17b9f4fb6860d3bd05d6393a1fb29e9782a593d9,21919327,87,1.005485821633382,1.006322310220481,True,True,17.10510037475492,14.659738561466755,17.1031286262371,14.645174600173105,0.8617
0x938882a935878228ff840f56724a2d8f6ec7b734,20459565,242,1.0047151959975358,0.9967498925958123,False,True,3.302994157647521,2.599146589078531,3.3024733406180014,2.6197802375741386,0.7907
0xa8556b50ab7781eeccf647eec1c0bf3bf9e5b3ad,24385025,21,1.0001281528753456,1.0003364898830907,True,True,0.11631663833975128,0.10165988772293694,0.11579709412360915,0.1011841925163363,0.8741
0xf3b347ecf592c4ebcb8eea6bd8c55602dc9450ce,22228004,213,1.0010116244996836,0.9970803323655143,False,True,0.1837190910720915,0.15783874478077914,0.18371909101952186,0.1584610719398575,0.86
0xa5040a5077dc55866be03a3184880ad45f279fe8,20238212,91,1.0000493773270245,0.9991390506669816,False,True,0.891238831719504,0.7664275511349405,0.8912388302912815,0.7671258505398656,0.86
0xbd552036e87ee5ebfd853a5632a8010b3a84f6d9,21104132,28,1.0426413739935463,1.000411118485114,True,True,2.8257910831405653,2.3237065116908675,2.8257910815821083,2.4215551481562105,0.8573
0x4614798ab4fd931dd522fbffd93bc8e699de5ac7,11944176,141,1.100287822936982,0.9988959912287182,False,True,20.714235051712443,14.504936518633528,20.68588098789881,15.954016086774214,0.7704
0x11cb128426008f304bffc47716e240a5c4e4c9aa,20456083,531,1.0032444239031675,1.0032220757219263,True,True,2.726280717437731,2.337019136248644,2.72628071363183,2.3370711933708,0.86
0x11658a88f95dd336faaaf303751c9af5058e6ab7,11907380,83,1.155868306164508,0.9990531779513776,False,True,238.00690127263658,169.8772191457415,238.0069010872231,196.54178349104396,0.825
0x930d81f7312199fa61df53a7b95479ff60b8c8c9,20750009,268,1.107645381921784,0.9860167542021367,False,True,0.6289053923256966,0.4882958447059422,0.6289053918860662,0.5485288507695468,0.86
0xb23a0c2b2fc1b3d0f29f1b443d8dc1513017939b,21941586,294,1.015194737412195,0.9987936980757014,False,True,0.4459922920133116,0.3778126077654355,0.44599229190393463,0.38401661101421286,0.86
0x278951f72d6435334b0fe0f86d637f716f414eb3,20459328,167,1.000090312540168,0.9911444411501692,False,True,40.155518397399916,34.5306272731013,40.15551833598715,34.8422937517305,0.86
0xefc93bd404a8242333f7c727a418bd5b45e705df,12104230,173,1.0067520515200978,1.0049264186923061,True,True,11.501831021509727,9.425370008849786,11.501831011662514,9.442492911042645,0.825
0x067e2069acf2a133c71b453da8e7a13c66eeeb2a,20204063,204,13.129361590012243,0.44191703348116046,False,True,0.07117874678384803,0.004743673407795066,0.07126566058357493,0.14110669715401783,0.875
0x930d81f7312199fa61df53a7b95479ff60b8c8c9,22252440,171,1.817738418147386,0.9763323415957399,False,True,0.03626615916557616,0.017158077626064496,0.03626615915486195,0.0319449592566046,0.86
0x7383a0c56ae3bcc968dec9c199a9ca60276b7330,20746197,139,1.4466718633953357,0.9337854074519379,False,True,0.0221472973577928,0.013165857586390946,0.02214729734225689,0.020397272823436424,0.86
0xc564077664fdc85e98a94d762d48b21931841aea,20230033,38,1.0104657367208962,1.0072630625154029,True,True,108.0077859300973,91.92463685242224,108.00778579449059,92.21691853893581,0.86
0xcfceb153f372a25434299e5e9fcb2f6317c7d332,24465927,3594,1.0038551673168419,0.9983349855538424,False,True,0.004245204496451005,0.003636855181715229,0.004245204494051264,0.003656964764045312,0.86
0x7992fa76e7964640d71a8751093d47eb7dfd537d,22211541,136,1.002541672228151,1.0024786473337866,True,True,22.905787385470415,19.649035743046507,22.905787379027696,19.650271054007618,0.86
0x26efbf94a0fa588cf40040ecdb681db81acc6960,21932843,504,1.0046204801037018,0.9986925775700324,False,True,0.2567459750369469,0.21978602159193747,0.2567459749746371,0.2210905972841321,0.86
0x809a8c04329344d630bff2097a67648b51ff0aec,24391404,85,1.002299386777177,0.9966602759738982,False,True,0.06107474199747775,0.04448227969241533,0.061074741997478726,0.04473396074163099,0.73
0x22ae723ee928a3c45a07da4effc47db013c040ab,22020083,351,1.0031643284892,0.993342591064157,False,True,0.33125043168497353,0.28397677870713334,0.33125043382221786,0.2867846155493277,0.86
0xefc93bd404a8242333f7c727a418bd5b45e705df,14848203,61,1.0638500625449476,0.9887250750754708,False,True,1.3442586599915547,1.0740421993861056,1.3442586521744646,1.1556497181595975,0.85
0x7ea14516909d18e00f651d288f113207dc8e8a1a,20459302,146,1.0071578459034567,1.0060050513018042,True,True,80.12708941120967,68.41956022476914,80.12708929009138,68.49796300754917,0.86
0x8230e4f44998a57bdec9c33367a7bd02fed18fa3,20458833,168,1.0051124007387795,1.0050903314312096,True,True,22.075437886033047,18.8883119619598,22.0754378542531,18.888726675565508,0.86
0xa485e129925c253eb108c7580b82bcc7ae7acbc2,22228034,743,1.0012148272873511,0.9926515648105532,False,True,0.4617845307489764,0.396652831760492,0.46178453061627794,0.4000746187367285,0.86
0xd3fd10c122b669cd256ab11f9148802c1c40440c,22215521,227,2.1413834357289216,0.9947701651578144,False,True,0.9296656814021902,0.3733625994607227,0.9296656811380661,0.8037157866027266,0.86
0x53e3aea8ba8f0d6cb821e650cee22c1f1e7dd12c,20459242,21,1.0615864796118608,0.997265464303741,False,True,39.19373307651883,33.054021788379885,40.0980635661468,33.19573620582923,0.8256
0x5498f662c60668f29f1f08fb3c0d175bce8c2f91,22755895,27,1.1799074778689582,1.0051449073427865,True,True,1.808258060774921,1.3330053193595366,1.8103262441396974,1.5665619510677304,0.8698
0xb23a0c2b2fc1b3d0f29f1b443d8dc1513017939b,21974759,258,1.003584523119337,0.9986495709586966,False,True,0.24463772737734207,0.2096369968825204,0.2446377273156756,0.21067294435375322,0.86
0x672b5d2474267adee7460e10a0d54a08e6bd0712,22747223,67,1.0011019662958383,0.9996913014034929,False,True,1.2096554148524397,1.0391585390869917,1.2096554145489935,1.0406248959570068,0.86
0x2b50d53c2d10954aea741ae61001c3fb77717e5e,21941574,714,1.0260266961622473,0.9984882136590024,False,True,1.770388573215805,1.4839128247446998,1.7703885727818445,1.5248394039755313,0.86
0x06cf19e0c17fc400b20f59c3c405ab0e5f73e7ff,21762843,212,1.01931064624591,0.973762736796103,False,True,139.84748771795196,117.99036915820034,139.8474876532848,123.5093876949289,0.86
0x29e18bcc4b91c3a28a78e3bcb91568395ff02ef0,20237876,29,1.0034153081368533,0.9988108027652353,False,True,14.81027852525333,12.649754619054086,14.810179406995724,12.707435398832578,0.857
0x42275eea81d6eba5ba00718e85af8080dd38069d,14764170,22,1.042468923992668,1.000834208624956,True,True,3.8594056998136725,2.767149531089861,3.6791650481242115,2.7559709818155627,0.7497
0xc6b3586a90a85d7dcc5f7e39a583eb87e26fa35e,22212289,156,1.048681967634236,0.9952227350958466,False,True,1.3022483296810217,1.1801802972553301,1.4001857536246198,1.1767369484569157,0.8364
0x664493dc3729daf641e47df63b23d356611feb81,22211222,311,1.9259293244845996,0.9927817652700488,False,True,0.6770477579323576,0.30232733071741724,0.677047757742996,0.586494526821405,0.86
0xe0b3a1e33a011caf48a424fd6595ac8770f40d65,12684925,41,1.0041988372977688,0.9905802001255904,False,True,3.359945854949495,2.760365006787379,3.359945854645852,2.798314896392424,0.825
0x1f44b1c34a7b3c4a9e41826b528970b90226acf7,11915118,185,1.175233610518417,1.0056901415808652,True,True,50.36296248221819,34.61003369586246,50.36296238618428,40.443002015658124,0.8076
0xa2c9aa6d3312d0e50e9f5181f14c3e7b29fb5dd4,14054701,286,1.0110580029564018,1.0052588426902027,True,True,65.5676687431903,48.6379133675808,66.24858254773129,49.42651066647783,0.75
0x22866c5c7f2b5475cff41465c53aa813b4c22b13,14948374,56,1.050474801139147,0.99988065542277,False,True,6.81426610284412,4.9811927795057205,6.454896561473048,4.981192665165329,0.7716
0x81a2ffca7b5e7b616c963e8112d212340815c634,24205723,383,361.19241149203737,0.9464635933287836,False,True,0.0021750849483160085,5.178882490428526e-06,0.002175084947386029,0.001976381413861931,0.86
0x9e6e443d582585f55f6fca49edc5a6a94f47e8e8,14959087,271,1.0000142487134134,1.0038323639087205,True,True,45.59298073473416,38.462278269148335,45.5929862322417,38.31540461173705,0.8436
0xd33aae1defd629dba3d3d9c225b1274788127318,21970310,502,1.0041701623516643,0.9997106840863853,False,True,1.0295368470502908,0.8643317382340296,1.04618444383669,0.8685843836689655,0.83
0x16af29b7efbf019ef30aae9023a5140c012374a5,23097993,21,1.723586699147798,1.00566074747691,True,True,75.8056011116228,28.58785156958884,44.230276872410634,28.587851359612706,0.65
0x3dedf7baf3e9d20be82649c243b55ae96557da58,12031261,22,1.142149250691558,0.9210048409498204,False,True,64.25491421792977,47.819211939394556,64.22729641656352,59.27569490055853,0.85
0xf3b347ecf592c4ebcb8eea6bd8c55602dc9450ce,21921840,683,1.0034052070895088,0.9779492047621503,False,True,14.100545379184659,12.085316022300715,14.100545375833569,12.39989660420674,0.86
0x852e756268bbb6bb0111ec3168555cc1b217bee2,21921750,408,1.0125730992507198,0.9906568742529019,False,True,0.9608401084971528,0.8263351990846182,0.9608401083711671,0.8340187512567966,0.8599
0x87fa38fd559ed347854bde3d28a77435759ee2e4,23093635,62,1.001425922555326,1.0003381401657905,True,True,1.4401941843666863,1.2542759192193833,1.4336437366244603,1.24985807549333,0.8721
0x852e756268bbb6bb0111ec3168555cc1b217bee2,22031622,338,1.0302246845959748,0.9987838766441662,False,True,0.12083542396403728,0.1038913138525967,0.12083542403201568,0.1040328979621171,0.8599
0x278951f72d6435334b0fe0f86d637f716f414eb3,22215199,305,1.0045250561268042,0.9973345332086846,False,True,2.427894614880789,2.078583661066893,2.42789461420938,2.0935697087540546,0.86
0x459ca59f63e898b084629edb3d249b867411c6d4,20458971,202,1.0098092904253773,1.0051321112633695,True,True,69.07922442450823,44.4653226125656,69.00225538092157,44.62245857534525,0.65
0x0db0163963fda91e0f440a3646a6d5443ea3b87c,22227974,642,1.0070500008982812,0.9966835722490162,False,True,0.0821717330439634,0.07017297090985897,0.08217173302045629,0.07090283452563666,0.86
0xb04dd97ec88ab6e1b007d0791279f6b74be4eaf5,11634667,57,1.273504443999153,0.9987344571779532,False,True,31.658196704976895,18.644338180847733,32.93161702178125,24.730009652540858,0.75
0x3c6b7b0fdb4e87d08079594218eb67c94e1cfa29,14195843,317,1.0045574317059953,0.9721324374237436,False,True,0.9089593504068303,0.7691102802691004,0.9089593477066659,0.7947635690443381,0.85
0x510f3c959ab647681acde24c09b39e252b799dcb,22215367,129,1.00544767292046,1.000488015535177,True,True,298.12902287596717,220.1938426036627,298.2216182082314,221.29173555303484,0.7424
0xa8094c7097451c72371224cfd21528ac5ce6d46a,20459324,167,1.0046967223396654,1.0019803650389483,True,True,170.1990758875286,145.6869540913957,170.1990756298191,146.08190953517817,0.86
0xc6032f412d49d5cc73957107da124da3673ec68d,24388151,97,1.2545587121147346,0.9967208699109944,False,True,0.007128602511680135,0.004886657037924461,0.007128602507561244,0.006150767322701011,0.86
0xb1c398ddf9f45eacdb42487347950a54cb0fb02f,20479981,291,1.1774865201160838,0.9908763356742711,False,True,0.10919332515761689,0.07781705852184555,0.1099290900616443,0.09309082894583133,0.8391
0x9e7ec6b67cf1f827613565afa4e6f33e799866fd,22011993,107,1.0024138086972543,0.9989859614338812,False,True,0.044068547754618013,0.038298094509462845,0.04425738230583458,0.03859173923853397,0.8711
0xae5bbc043b0472e49687820b2a1197ae63490150,14955091,286,1.0001636601246413,1.0031277486209143,True,True,31.118363299892373,26.036161947453934,30.91133432237782,25.813686040940635,0.8377
0x9c104259c7dc6a174d76d4ad8b63b23f79e49bef,22018709,49,1.0029383174147126,0.999098794895544,False,True,0.4724083670832577,0.4050809393132493,0.4724083669571138,0.40663765951753916,0.86
0xf39b1b135db1f3da3843afde8314bedf4537ba96,11602499,176,1.1775329613770835,1.0022898868872985,True,True,15.40200198720436,11.117906775037039,13.979882698665108,11.85575196290642,0.85
0x4652d3c8b3373df2f6cf6b01807554ae1d534fbe,20459263,68,1.0004211210817513,0.9951535815935556,False,True,47.87166021000048,41.15229768048465,47.87166013774724,41.37012465205324,0.86
0x06cf19e0c17fc400b20f59c3c405ab0e5f73e7ff,22211561,368,1.3852626176525917,1.0004636533922637,True,True,20.13121761363837,12.49788085458238,20.131228119799324,17.304832738625603,0.86
0x456d4a53689d3afbe04a043de9f84c2f07e91a48,16943301,34,1.0000975881589598,1.0000000010550156,True,True,0.6186473149846026,0.5293765108666336,0.618647311275107,0.5293765036996085,0.8557
0xaa0c0976a9863969add87a66515ce464c8018c67,22212224,672,1.103758246879159,0.993984112797434,False,True,0.1509850508715195,0.1317373107776319,0.1516457709515509,0.13117416283162958,0.8598
0x92c3e33d1350851799ecdc297bcb785af7faadf6,13956897,325,1.003239643652707,1.003527343012224,True,True,22.49860023912277,19.062055919294515,22.498600212934157,19.05434909583706,0.8499
0xe77be5f59ee555427272d1bcbee00dd845d89eaa,24041296,477,1.3471785948642496,0.999870790354434,False,True,0.0038667289733353887,0.002511462002563511,0.003895812323549609,0.003409276294487555,0.875
0xc564077664fdc85e98a94d762d48b21931841aea,20619498,27,1.0102016862881054,1.0022543129196229,True,True,73.51728017279537,63.22150821430419,73.51728010253271,63.082652848856874,0.86
0x22d5fd0c56a6b3de938df5389d5143d8064d088b,24367437,174,1.0408000991731057,0.9966465168021961,False,True,0.03658829817016426,0.025662428054570738,0.03658829817016415,0.02679932876293877,0.73
0xd87f3f0bba00a715136eb1ac09d9c29ecb30489e,23438438,1073,1.0777723326352409,0.989245549735429,False,True,0.0003882827627300648,0.0003098271924752294,0.000388282762659104,0.000337553376890233,0.86
0xcbbcf632c87d3df7342642525cc5f30090e390a6,21782144,200,1.0555185120354251,0.8478619935571323,False,True,0.056499275946671965,0.04683656978976677,0.05645963647852532,0.058266772533873155,0.875
0x026fd30023d9199450883b3c7f82b7c9ebbeb2f7,14959423,408,1.0747239708868164,1.010576098072682,True,True,6.548229890351616,4.772466936594906,6.033030915016775,4.718006235483758,0.7903
0xed31de49696c3c995f2dcae199567e2a685bb644,22215531,354,1.3109035007350796,0.9993757283362426,False,True,1.6754247797355015,1.0991391126536596,1.6754247792594865,1.4417653634253318,0.86
0x681790189ed7ff6df59b4b1f760f9546e7e04732,22215235,124,1.0012330358559398,0.9965643876890378,False,True,31.347870871869304,22.8437215562894,29.41199506113127,22.94961333363654,0.7776
0xa842db65486e996ca467833480b7e50f8a123443,11473955,149,1.000380932625961,1.008731209621246,True,True,32.745287666375354,24.549614000853843,32.7599990492769,24.35733033003223,0.75
0xfaf3af4f551f76af4cde17c3d3708c4f3a69d21e,23123875,53,1.0898271775417054,1.0096371353550506,True,True,0.023144762553243263,0.01635256262024657,0.02299916270392703,0.017540316874137277,0.77
0xecb6dd3f6becc3b5c2889fc1266c2369e2dfbe89,21098115,12,1.001109479607862,0.9999980043426406,False,True,0.6404689816271948,0.5496636547665803,0.6420443738118096,0.5516456268747618,0.8592
0x92f8a0d9956ec2abe5692c781554a0c18dae6af1,22210299,275,1.0010844820606108,0.9982552944665563,False,True,0.14283074390407346,0.12270137232040937,0.1428307438641784,0.12304912421108993,0.86
0x95bab1cc1784e4be6dd48f84f622da3594e4a45b,11701853,38,1.182242786351372,0.9963580206550467,False,True,5.12583673995022,3.3850234249710005,5.1836386781602215,4.05957816037774,0.7803
0x80b971dd09aa371929fdff45faf42b16ef93bc5c,14067729,218,1.01529265313007,0.9963980986643397,False,True,6.991871537056804,5.164918348050729,6.99187153705412,5.26285995509223,0.75
0xa8094c7097451c72371224cfd21528ac5ce6d46a,21762844,616,1.0078738097776148,0.9736596058697401,False,True,47.98789093594123,40.947175930700595,47.98789091371693,42.38605148760558,0.86
0xd9863eedee6c6a17d662af9bf3905a7ccbbef23a,20693617,334,1.0337774047211852,0.9867973337071007,False,True,0.10931182349022546,0.09304999919878808,0.11106203388212675,0.09341481272133872,0.83
0x0be5149120375a4b5ba59352d55173c9b0283c3d,20458382,228,1.013041690667107,0.9474666623079784,False,True,0.26788024983379066,0.22741118848263037,0.3787729732904512,0.34380603559843587,0.86
0x96d4c16212af302ed246b1cd375c46eaca687fc8,11946666,196,1.0572774370610545,0.9645147211772057,False,True,20.317153178498053,12.113854498456604,20.317155442804676,13.277042635461255,0.6303
0x0be5149120375a4b5ba59352d55173c9b0283c3d,20458382,360,1.013443966480285,0.9474666623079784,False,True,0.26701052268718023,0.22658287690880646,0.3787729732904512,0.34380603559843587,0.86
0x0bf66bed1971055c5df68946d5ad094d0a9901b7,12496457,196,1.1422813477292226,0.953867708914737,False,True,2.81154370195141,2.030606171343835,3.17732001561154,2.748063477127129,0.825
0xfc4f73520ed60b2b469c3c6498f41ef15891243e,22188484,698,1.002512494119524,0.9967796589910272,False,True,0.24762397982999546,0.21242291133820665,0.24762397975588687,0.21364463115712487,0.86
0xcb6dce90cca60f329946a04580c86b838805b62e,12447726,240,1.0034197975127344,1.0018758592264956,True,True,11.94771388285018,8.875938844322233,11.94771388283869,8.889151132101093,0.7454
0x0fb52e637c407b82bd443bf30df8a418cbb77319,22215279,190,1.0011746962511314,1.0011338494541262,True,True,415.9740261782455,357.31792248928093,415.9740260625798,357.3325011524454,0.86
0x39a8c701cf1bd84b22c2f49bd9dcae3f64da0f17,14743469,108,1.0296917143330138,0.9993254214299527,False,True,1.7879253600185505,1.3543682651829576,1.7879253599553149,1.3955231707901652,0.78
0x22866c5c7f2b5475cff41465c53aa813b4c22b13,14745325,84,1.0615653906527982,1.0010688539978863,True,True,66.71223307056655,45.74281099292509,62.76275128265114,45.742810949464385,0.7296
0x4a80029962f0cc971acb7faabaa13e883a8a83bf,24523408,820,1.001606401577642,1.0048898624532117,True,True,0.010216516218431409,0.008772112412632106,0.010216516390260373,0.008743449828595531,0.86
0xb6e362900b7113f246a7e1c17e9746b3b9c079db,22113150,55,1.7585790394803056,0.9918591886283343,False,True,0.057069513156816055,0.024988086485856518,0.056891359411609776,0.044165892950510814,0.77
0xfc4f73520ed60b2b469c3c6498f41ef15891243e,22226157,245,1.0035589875851483,0.9985514843146005,False,True,0.07459995547229119,0.06392844117768118,0.0745999554509503,0.0642490274117949,0.86
0x711a71e1873988f8da861e57b01a7838b8068b93,14986421,36,1.0002575090186232,0.9987289194547592,False,True,34.091193785718815,28.020491051455764,34.03243858044772,28.020490545102138,0.8223
0x3700eeb393a471aaf52bde826fa5b16e888b51e8,20459304,356,1.008831250690294,0.9981498919273954,False,True,10.184203293693047,8.681744173352149,10.184203278296662,8.774648868040162,0.86
0xa438e13a7ffb20d3bc8f1c041aa99db95271d336,22215045,201,1.0019398235341508,0.9971615176907495,False,True,0.04595827572080257,0.03944759574529781,0.04595827570817707,0.039636624967801785,0.86
0x0e0c57ae65739394b405bc3afc5003be9f858fdb,23435528,640,1.0108097180953701,0.9849875805968784,False,True,0.003544318448671913,0.0030155169774211204,0.003544318448024373,0.003094570860938042,0.86
0xbd61256394008fc2bba5398581df7dd818c12979,21970330,308,1.0050126986997554,0.9995701585682395,False,True,3.539544883245022,3.0288260074016313,3.539544882358098,3.045317602506391,0.86
0x0be5149120375a4b5ba59352d55173c9b0283c3d,20229946,147,1.006080323449004,0.9989789728924753,False,True,1.021611791202383,0.8732763378396227,1.0216117899197383,0.8794841164545124,0.86
0xe2d8f9557fd46ad134c8fb5eabf6f4da3e0d3f68,22215521,264,2.104376432671634,0.9775813910276274,False,True,0.4936561458008224,0.20174350881211991,0.4936561456606471,0.4342802442483875,0.86
0xaa3939e4142e2a6b866b9bdb59decf7d578d7811,19774048,47,1.0021225181075466,0.9956631240425489,False,True,1.4713391312946567,1.2626716095582324,1.4713391297473508,1.2708632277604044,0.86
0x2cf3448b226f2599ee7d5f10c35791014e63aa90,20694104,138,1.002711818641069,1.0016163430857783,True,True,124.17291087528508,105.85979061723549,124.1736033892642,105.62518355253388,0.852
0x012e168acb9fdc90a4ed9fd6ca2834d9bf5b579e,21940251,214,1.0084447679732051,0.997106419524919,False,True,0.39948065833448365,0.34067642997660286,0.39948065826191675,0.3445102862772586,0.8599
0x11dbf181dd5c075c2abd92cb9579c4809406b5be,21778345,346,1.325002779652712,0.890638360584259,False,True,0.03131967763688455,0.020328200952740984,0.03131967761429896,0.030242266603728803,0.86
0x2e527e06e8f833eba3e32ee0f96535a9bf7f6846,22017844,632,1.0034669216622563,0.993884281452577,False,True,0.9556834002648731,0.8190481484594658,0.9556834000284342,0.82694508743337,0.86
0x711a71e1873988f8da861e57b01a7838b8068b93,22213064,204,1.111476218031873,0.9985985647274367,False,True,1.4949701752851905,1.1355556919451508,1.5012888919236311,1.2690163980143756,0.8441
0x39ba3c708dda1281a41e552aa1a9a4f9e18b11f0,22018412,658,1.0030417593472978,1.004934712693496,True,True,13.280768035472454,11.386824530554458,13.280768032036585,11.3653756440942,0.86
0x09ad8015dc0f4ea37e8c7cbc189dccd4303bd8f2,14723844,142,1.0173061816395361,1.0012057663063376,True,True,40.961042090148354,31.47546522360112,40.96104206693344,31.980685350872204,0.7817
0x53e3aea8ba8f0d6cb821e650cee22c1f1e7dd12c,20458916,434,1.0126968678445165,1.0032969352582592,True,True,50.44109191558076,42.37507621429322,51.34708574971695,42.191435062213486,0.8244
0xf06997978a7c85f243de82260f6151ef615aaa52,20441690,217,1.0052695411407284,0.9952335901765051,False,True,2.442995930348337,2.089963352232367,2.4429959270482913,2.11103857225008,0.86
0x3dedf7baf3e9d20be82649c243b55ae96557da58,12031615,234,1.2356503720420178,0.8980547659626363,False,True,17.378784988326718,11.954811469579191,17.373577310499577,16.44391998531974,0.85
0x87fa38fd559ed347854bde3d28a77435759ee2e4,21611323,94,1.0001556378650356,1.0001995007451332,True,True,3.1127683054316346,2.7050812312834687,3.1081462173977314,2.7007510756883493,0.8691
0xfe93a555d1e7705ecfe44f81474fc5daca489c2a,11702363,13,1.001137663591834,0.9965373751694108,False,True,110.85192078971076,91.33686770153409,110.85192083887823,91.74835443815,0.8248
0x0c9e08699342ded85176be18b8a60391311611a5,22906388,303,1.6328656061445874,0.9958128567967298,False,True,0.026644323441441367,0.004926797773467518,0.010474958570806976,0.008099632420359265,0.77
0x2cf3448b226f2599ee7d5f10c35791014e63aa90,22227974,315,1.0104382216152925,0.9990671500627918,False,True,0.6837918414217091,0.5819860839018857,0.6837918412261489,0.5886100683197603,0.86
0xf15aa8d4d867744260d0a30d4e8fb116588ec182,20456363,312,1.000996160009832,0.9990294799757355,False,True,0.8655242658311398,0.7436101139563502,0.8655242646200226,0.7450739767872497,0.86
0x883e6cefe60d5dac0123eb123c320ca35ef6ba78,22910384,111,1.6492013221523385,1.002801802722778,True,True,0.03226272694556309,0.015662120667741135,0.03225175441407617,0.02574861205255278,0.8006
0xecbc3f687d865e040faf7a57e8770aff7c7c2474,11631767,80,1.1190255257621098,1.0080428157818115,True,True,49.68871276011615,33.30266710824744,50.10542478794226,37.27923854287018,0.75
0x0bf66bed1971055c5df68946d5ad094d0a9901b7,12464099,37,1.041096841984902,0.9651774780825949,False,True,35.57971201652954,28.19455523241569,35.57971201611929,30.412295230521856,0.825
0x62f3537f7bb82b156523f5e1a29f31eaf861bd45,24319525,43,1.0004490575528602,1.0000000051435418,True,True,0.230926898522023,0.19838509133314502,0.22657274321286888,0.1982511492915472,0.875
0xad5fe0d08e83c92989421ed6ad41c50bd63bb7b0,11946740,259,1.1169846752782173,1.009460808260303,True,True,398.05860198531457,294.00434393254983,398.05860178428776,325.3205511148042,0.825
0x50734654214c56208e6a1fb3ab56eca161c2eed4,20455594,47,1.0005016795074753,0.9998705066046986,False,True,0.1044894105605402,0.07581764061791428,0.10421194665380133,0.07564682664575513,0.7258
0x2ff2c6b09da200b3af5dee6d1c2656210b203f1d,12261695,15,1.0001187659004378,0.9993325800688408,False,True,242.9602540427705,147.02478009571482,244.01700844287564,147.11843736417043,0.6025
0x25a765945ffff231beedf9d9575852d8574beae1,11907336,295,1.1458353638641938,0.9868632101466603,False,True,54.059290714757054,34.045148185667045,52.27052596877643,38.15165006476868,0.7203
0x9b73080a2ecae1c7199e1f178c8c5c30b8ac0fb1,21257727,82,1.0000857897908806,1.000000099492514,True,True,0.9907049513069279,0.7618493795871288,0.9936258408199228,0.7640981955684703,0.769
0x55bbba0bde66ab66b448e726281c3b5cc3dfd950,22212716,33,1.0004282561231739,0.9997461729173724,False,True,0.7298505989112501,0.6105123329437083,0.7353248114547447,0.6155495778600367,0.8369
0xa677f27ba0ef4dc6e2af6510f1c9437f27d62117,20458338,308,1.003336161991797,0.9975492330971941,False,True,0.05136862517381936,0.04403012601657412,0.05136862509998771,0.04428555114901796,0.86
0xaba2b9af06548efd0f0745bc8a7460f481516e82,20460556,483,1.1562590936769732,1.0061986675847143,True,True,77.5939875741845,62.75909190228154,77.60546383106058,63.24444902538293,0.82
0x4bbdf6f2687ec3e4f6ad2ac74b758b415c331786,22188474,272,1.0037028844366858,0.9991084878988603,False,True,0.12021395672030666,0.08244588591032465,0.12021395669151833,0.08281709883656613,0.6883
0x3857e58607248e3f26d5387b6d9fd8304ac600ff,20232184,167,1.0005751342370088,0.9965049957884884,False,True,0.7516957017306434,0.6160361719254174,0.7515828349729033,0.61845944303584,0.82
0x42275eea81d6eba5ba00718e85af8080dd38069d,14756744,216,1.0277780058787775,0.9912076467799759,False,True,4.713350928339212,3.438320949098472,4.533843300991811,3.438320941557524,0.7517
0x1b21f9488465d6deecef1087ccb720bead01f5f1,22319625,16,1.4811742098412977,1.0036194105070106,True,True,10.007939339644626,5.741919198447312,10.007939336804064,8.47407568982713,0.8498
0x4b2c8b95a7068f24cebf6c30d7a1c09c15229e4d,22413523,200,1.1438445622281375,0.7880794616707195,False,True,0.0068704932632405995,0.005165583158324665,0.006870493261193768,0.007497498021456394,0.86
0x11dbf181dd5c075c2abd92cb9579c4809406b5be,22097217,322,1.3063498633738924,0.7480620204718577,False,True,0.015446630524635203,0.010168870241910233,0.015446630520509172,0.0177580225758001,0.86
0x0be5149120375a4b5ba59352d55173c9b0283c3d,20458385,43,1.0134500854732322,0.9674096917598184,False,True,0.266996745608976,0.22656981780853988,0.26699674522519856,0.23735259513058352,0.86
0x2a2750ace7beb425b21f081bd6d86eb678e1f243,22097226,343,1.3164610460526736,0.7538437791426551,False,True,0.017343088924961128,0.011329660319375524,0.01734308891999298,0.019785341318537944,0.86
0x7dc70519aa566210af70c0c8feb753dc15de6984,21941942,471,1.2208928036680347,0.992207795165925,False,True,1.2153959221999342,0.856127982695644,1.2153959219000967,1.0534491846632688,0.86
0xe016e0fdb71a3af86a272db2d9a4011bfa8c83ac,18669470,14,1.0015880685372216,0.9999997972374326,False,True,3.094422326153502,2.533403089707008,3.089512263657602,2.5334005698780375,0.82
0xe338b76a3ae4ce0cf13e1c2b126561f1bbefe66f,12708484,253,1.0137446091662052,1.0031748667490175,True,True,11.164318836564108,9.085683866413834,11.164318825589529,9.181413267419641,0.825
0x3db9168e8268f512de9dded2a728b086c7fcae32,12857030,144,1.0023716638931255,1.0037208815288199,True,True,33.142531136933734,24.798085628396798,33.14253113654542,24.764751645445713,0.75
0xdf56db270b422fa362720ebcc2ce378f7e41fef1,24516402,641,1.0123955522931714,0.9995089981052725,False,True,0.006950257264142467,0.005904037442305582,0.006950257332246855,0.00598015757443211,0.86
0x977c3fba9bb823316b3859d6301005240c5e2007,21998689,240,1.2811812289004256,0.7722718111247895,False,True,0.022872852836228735,0.015353529223995155,0.022872852830642335,0.025471152968412413,0.86
0x9241a6fdd02168850ae751b727ef19a768ac0bcf,21762098,417,1.00888351366575,1.0095396488498785,True,True,3.085866505072748,2.6304772926172832,3.0858664908427547,2.628461991065666,0.8599
0x3700eeb393a471aaf52bde826fa5b16e888b51e8,21970331,686,1.0039343557332912,0.9984915905801508,False,True,1.616247286421179,1.3845254506774534,1.6162472860161408,1.3920724812176628,0.86
0x027c0c58707cae5470b539cba6f8b9541e28ded3,21942341,588,1.0960018379278498,0.9971904999576243,False,True,2.596648389064656,2.022230010383215,2.596648388425838,2.2224834669159317,0.8535
0xc6032f412d49d5cc73957107da124da3673ec68d,22022320,900,1.3052277685775744,0.9444759769934286,False,True,0.028708209490696877,0.018915518621631253,0.028708209482687264,0.026140485048337898,0.86
0x9c03ee6be97c34b5ecfe4c67651d03dd13952698,11943482,197,1.0590341668293826,0.9962411680633518,False,True,20.68645734941081,14.782617270632109,20.67176893937639,15.70342125464666,0.7568
0x6ea29097c100e62a98ea33c2e7bb66243c240459,24431671,626,1.0048922998435659,1.0064470262732086,True,True,0.00624718385348653,0.005346421815387359,0.006247183850002553,0.005338162834954578,0.86
0x8ae551c03afdddc50fddac33226f81d3aa361a0b,24392962,460,1.0013722505990186,1.0054924401714072,True,True,14.880632074730576,9.659156065877461,14.880632074730038,9.619575903450512,0.65
0xe711f3cc27eb2c36b61f25951d8871d1848a5149,12985028,76,1.0007937833701004,0.9992112400807632,False,True,1.2527424472508073,1.0326927846230594,1.2527424472398778,1.034328355723224,0.825
0xa1482c01ff6a35b4ee6f72c7300aa17829bafccc,11969444,195,1.0124901855116752,1.0061403872358765,True,True,77.00002436161232,62.741368763221104,77.00002435149223,63.13733241988275,0.825
0x51aa3dfe723e91bb9a8c8ecaae5a8936f31628d3,21941595,774,1.0009605518133406,0.9973029037458958,False,True,0.4498881091158116,0.3896439636208248,0.45129651072322624,0.39228698089266434,0.8669
0x47ab2ba28c381011fa1f25417c4c2b2c0d5b4781,21614695,15,1.0336856334445501,1.0036363398349117,True,True,976.87624564335,804.58778774948,1015.9534502724015,860.5328382376354,0.8501
0x5b4df752cfdb1627ed14dc3fef8b9d510f38fd93,14053865,485,1.000938045429881,1.0083475778220126,True,True,7.502288505913716,6.370968971698843,7.502288637517327,6.3241539744297866,0.85
0x28bff9c828761c9680809d0f4e1bb85b37b4d22f,20458923,78,1.0046383950887467,1.0057963040065745,True,True,56.07207241192554,47.99934236038847,56.07207233106517,47.94408372015736,0.86
0x9463b9d2301cf23a585da395d07fd0d885c4d8ea,18812273,49,1.0000946978638823,1.0064657374752053,True,True,9.435241961079157,3.0566197043813923,9.435100091254625,3.0363963777084466,0.3239
0x6538cc45a8196f5d0d441fc53ab26e9b1e826e79,22018387,560,1.0082330945324287,1.0013099232238953,True,True,18.956848911190065,16.94208226142971,20.18705485920534,16.894621315194385,0.838
0x303fbf8365112252815639096589f575f2803740,14816900,281,1.0020724253848388,0.9983147077976374,False,True,0.9305664251095138,0.7769934910403582,0.930566408532657,0.7798260922108227,0.8366
0x411e6c18f6554e8740fc9113e6a5d551c2d4d773,17937314,34,1.109036393751065,1.0049478777130587,True,True,299.645425550935,253.53245117476297,303.58900996717017,250.73825604386064,0.83
0x1b21f9488465d6deecef1087ccb720bead01f5f1,22020167,809,1.4111851842695409,1.0020112555760212,True,True,17.052665184504313,9.271349181394012,17.052665181893186,13.056544679258721,0.7672
0xd47aec165d7469e266f650a049c973ec95c706f6,20458926,251,1.0301443874595106,1.0094710682976347,True,True,264.81496503809143,222.174611187169,272.65694330587087,223.5337825584986,0.8276
0x0bf66bed1971055c5df68946d5ad094d0a9901b7,12473147,92,1.091033365422801,0.9917049960369121,False,True,15.843718215933277,11.980447108580961,15.843718215663758,13.180398989777887,0.825
0x996487fa28e3b994619db4b67a9e1c666341291f,22018054,16,1.0023982781183645,1.0024496162045409,True,True,958.8087299742123,822.6026777756052,958.8087297308423,822.5605499162334,0.86
0x36485e0b0f5a1d0e2d8bff830987ef0464ecfb0e,22226240,750,1.0010407257025338,0.9998564463043609,False,True,0.05084762796675718,0.04368349751277307,0.05084762795221108,0.043735238394002646,0.86
0x979cf5bdeb843de89de3287908fb5fcac7297563,12862728,360,1.023545901809251,1.0078915125175743,True,True,1.5550213184499635,1.1394369190242912,1.555021318419882,1.157134447835303,0.75
0x19663c8cfd6defdec4840589d76a4323806d14b9,11929052,15,1.051773226892553,0.9974500448521498,False,True,10.57008512711955,8.362428173143282,10.812113431892616,9.024095470750936,0.8325
0x5713eb239daa49b6b1000baa433d59c096237ce3,24417757,115,1.0024604683843676,0.9996171603955868,False,True,0.004155984222046832,0.0035653739410997512,0.004155984219733339,0.003575515277825208,0.86
0x51de0e5013d63232c5a53d0dd9daec6a38db15ee,22215670,304,1.0032052945279648,0.9997551936813616,False,True,0.82582115479734,0.7076397577215864,0.8258211545630001,0.710049689112797,0.8596
0xfb69153ae2efaf8b672627b25be1e81c37ab21c7,11667120,99,1.0291619540643355,0.9700745806473937,False,True,17.794220178232464,13.832007767453948,16.77259891493385,13.832007764797144,0.8
0xe1a598cb9e4325cc986513f99fe748c3e63a2eb0,12708260,293,1.000189214567299,0.9980914280090004,False,True,1.8304314583945345,1.1129397825317162,1.8269994288792093,1.1129397784473731,0.608
0x1c60f31733a2fbcf1b8126e36fa06691b17bfff1,20457819,337,1.0031039574459748,0.9969418738900452,False,True,0.05203031021343025,0.044607606670677445,0.052030310138701734,0.04488332558916933,0.86
0x026fd30023d9199450883b3c7f82b7c9ebbeb2f7,14986992,33,1.0003338843639358,0.99985480661705,False,True,3.6649377962154874,3.109789703671605,3.6632165150404776,3.1097896988529965,0.8488
0x5cbbad822b0925fb76fbd04bbf2fc144bf3ba125,21941891,222,1.0076871835689867,0.9998051872652436,False,True,0.2417620811786679,0.206329298619506,0.24176208111913966,0.2079559022204804,0.86
0x91a5b96c6ccb3d84dd8e3dc2f093e2694dedae93,22188482,340,1.0105816865758297,1.0060519416985194,True,True,5.423405041942664,4.615290775626692,5.423405040320213,4.636071102651943,0.86
0x839b957b864c1b0875cf6b233233b795f6730ab0,22166793,269,1.1351580050487302,0.603298649860193,False,True,0.0161280130501975,0.012218643714338631,0.016128013045390983,0.02299042310512458,0.86
0x26d28b1315dd4c6ea47c7550ecc57d6eceae69ba,20232021,151,1.0012517968470025,0.9964932026979224,False,True,1.0115070425877688,0.8688084849034301,1.0115070413172176,0.872957339977469,0.86
0x2cf3448b226f2599ee7d5f10c35791014e63aa90,21941585,311,1.0110936563479411,1.0031056207649014,True,True,30.32077160220216,25.789760833906904,30.320771594767667,25.995132548072533,0.86
0xc15753ae3b6099b8a3366b836433d6542645b876,11946736,200,1.1131529633138983,1.0082220249326506,True,True,285.7627486285382,203.24471714111266,285.7627483240577,224.3933997209288,0.7917
0x0a1fb0ec3b837aadddfdc1e989c77649a4856a41,14983968,243,1.0322715527973734,1.0111119311648893,True,True,10.957632041464302,8.323672680097415,10.543875782883463,8.2110076397551,0.7874
0x81803c4a08088c35589a43955ced5f5c24a1e980,21919300,65,1.0010574088584785,0.9986811228914458,False,True,0.43334573732816806,0.3772692255191205,0.4367539628766621,0.381133747221519,0.8715
0x8018b586e6c6ceae979d83fe2b938de88b454793,11549235,25,1.044586800619308,0.9976551239399435,False,True,11.667829900138209,8.643109000042951,11.126884826046297,8.642488616359087,0.7749
0x2a4576ec0b0c4a8b5865321df1744fe160c76eae,21932308,373,1.0001103915346325,1.0000342947579832,True,True,11.480665586257798,10.043448367669535,11.604487578668644,10.152418007858675,0.8749
0xa42d32b50275415d3d02c9f28bd5d1310f2b55c3,20459305,279,1.006192755244745,0.99546120113968,False,True,10.796578952509165,8.446351434160011,10.796578941505372,8.536733802512577,0.7871
0x5cbbad822b0925fb76fbd04bbf2fc144bf3ba125,22019156,528,1.0024679589150416,0.9987203788039222,False,True,0.06944498666452842,0.059575658254585565,0.06944498664594637,0.05979920885066787,0.86
0x35143137f0e02e4fb6a9173fff012b46078b9a1e,20463918,86,1.0851873472746334,0.999896698334478,False,True,0.39969214070183307,0.33287367723254296,0.40263266744556114,0.3342196394252185,0.83
0xe252e74c9529f5b10880a7147c5083d28662995a,21970311,244,1.0022994378467256,0.9972128554672771,False,True,0.9410051911353485,0.8074078801390635,0.9410051908995555,0.8115263052785355,0.86
0x96edeec2318331f396f8ae04f9b31e53d3834e73,22227992,147,1.0026868421370707,0.9953142009091775,False,True,0.4959056432283979,0.4253360423753532,0.49590564308651547,0.4284866554348696,0.86
0x5cbbad822b0925fb76fbd04bbf2fc144bf3ba125,24527087,719,1.0107436149836815,0.9996560179930494,False,True,0.00986852498652375,0.008396720357761,0.009868525196094505,0.008489852024979538,0.86
0x84bf1533a0eb45630d94295df08d6d3a2755a027,22190472,176,1.0007579893727598,0.9985575462734549,False,True,0.02853712775944092,0.015317222013174734,0.028537127759438785,0.015349432165221643,0.5371
0x79b84b0d1258a38fb75fc6f9d01f6aa054a28948,14953304,85,1.003341469180979,0.9994563867275016,False,True,2.623984617259155,2.0398917659935405,2.6239846092472923,2.0478212180067,0.78
0xb87736c9c2ddbbab1d6b59955a2d5afb8713c2db,18562592,109,1.0084496739216322,0.9751558929366628,False,True,15.941866001910029,13.79578354959293,20.3503481229378,18.222649434477095,0.8732
0x930d81f7312199fa61df53a7b95479ff60b8c8c9,20608038,83,1.0532074900374837,0.9631926830220237,False,True,1.3019062099466825,1.0630757482690627,1.3019062087031077,1.1624250881680251,0.86
0x188eb6a325ea019c0c192542c77e0e19c4825f17,20237492,256,1.0022417408385653,0.9973044253482922,False,True,5.640692755933366,3.5262327911924465,5.649239943027904,3.5431504107984906,0.6255
0x8aee8a1a34348530d2dfaf90ffbc4bc00a3d4328,11946708,218,1.1050979976982356,1.0034291032769311,True,True,49.47424900521588,36.93451215577048,49.474248992753125,40.67677057175874,0.825
0xbc313ee485c85ad2d373c74762ce503b9a731606,22454329,15,1.0009714174732272,1.0000000440534025,True,True,6.264799553093797,5.476379757970154,6.239666685107497,5.45970810895034,0.875
0x711a71e1873988f8da861e57b01a7838b8068b93,22216091,60,1.1816358978847141,0.9983786880211944,False,True,1.0896698381928225,0.7889190229811152,1.096523152801682,0.9392694490851262,0.8552
0x6bc5f3e5a5ac9fad1302603719bf216a3a12f813,11969692,186,1.016401270404744,1.0057550159503308,True,True,15.11601148430233,10.17754513357335,15.141476409957086,10.306540445599465,0.6846
0x26d28b1315dd4c6ea47c7550ecc57d6eceae69ba,20709292,4389,1.003884408113706,0.9995303069376179,False,True,0.04438743567371267,0.03802548816463855,0.044387435632965135,0.0381911327544493,0.86
0x478bb98378fa40c1cbc8abfdfe6029929ff3f854,11944891,178,1.018341794145777,0.9708019184190105,False,True,6.408497006463444,4.932345746352901,6.506845725913204,5.259488824908059,0.7847
0x2c4ef3a24b1f38d848283c65b05b00987ee43fd8,11928950,195,1.0831195078050426,1.0079081193867008,True,True,393.1210816446365,289.2959976354531,393.1210815721228,310.8591904226662,0.797
0x7b1d5fac9e9213b34f3c1520d9dfc877cd2896de,22755504,64,1.0386696555360253,0.9992297083519057,False,True,0.07255819248110534,0.060076892784114176,0.0725581924630118,0.062448148805654094,0.86
0x2ade020b823804842d29bc9b14e01ef65cc16e06,22153498,175,1.0046312009461769,0.9987006515204793,False,True,0.05425208746464005,0.0461809460546016,0.05394746428169676,0.04645518075073354,0.86
0x8eadbcda045defb504a700445b8095d173fa38d8,22211627,286,1.0084598561146976,0.9869897130562802,False,True,23.666595517747744,20.182530838340252,23.66659551160647,20.621564612822848,0.86
0x39ba3c708dda1281a41e552aa1a9a4f9e18b11f0,22215237,222,1.000716298248314,0.9968178260151331,False,True,2.844757471244054,2.4447402621025596,2.8447574704533687,2.454301438779402,0.86
0xdd07f7daa27b9c154a29d300c4188fab70638473,14955066,13,1.0102984053535131,1.0030726251118485,True,True,654.7612908434882,505.50788178193466,654.7612895490432,509.149380675508,0.78
0x5319f004e683f61d52343b1ee440a13993edda5c,11944205,195,1.0926235604825925,0.9953550019223343,False,True,16.69685991782346,12.434455391310202,16.688106623021163,13.64248166023872,0.8137
0x7dc70519aa566210af70c0c8feb753dc15de6984,22212276,26,1.5718113074195021,0.9665310512436476,False,True,0.20578884634775224,0.11259519957877044,0.2057888462931848,0.18310679991544876,0.86
0xcc39dfab267227d848da2f7b7fb8848b79eb306f,12489369,210,1.0039574245670708,0.998330385152994,False,True,7.055658563851107,4.97476625822622,7.055658547385821,5.002347112849175,0.7078
0x852e756268bbb6bb0111ec3168555cc1b217bee2,18115445,109,1.0447468049216335,0.9962624845344505,False,True,2.294738903000222,1.9726742869384655,2.29564461777677,1.972674257825808,0.8561
0x8c19c4605dfacefafe9b7c8e3d11ee8ef48ffc1d,12446791,235,1.0005898581897932,0.9985674261548589,False,True,7.8991072834570595,5.920838007803453,7.899107221183727,5.932829632446918,0.75
0xc9db3af6603329df6c85e168d41b74832452ef08,23081415,22,2.519996211023968,0.997663007755658,False,True,0.2448421122131227,0.0748129801066242,0.24594763022871258,0.1898232908345846,0.77
0x3a8461651e4873d0c448dc23b16772d9d55ec539,12295322,44,1.000166817945803,1.002744379389619,True,True,27.28647154182368,20.01965395960356,27.286470545793925,19.96801228513659,0.7338
0xa6f263e55570c3b98a12aa9d57fc995edff2a014,20456929,16,1.000931808618432,0.9999938881857863,False,True,3.0311765333473306,2.6471132266296693,3.052558888520778,2.66825803235338,0.8741
0x82f7ea55bace9b6a72b34249f7f8a5c3f3895836,21941727,82,1.0069364490996726,0.9998457723701814,False,True,0.43862835627351876,0.3746218410630665,0.4386283561657048,0.37727857308261403,0.86
